cod_indicador,nome_indicador,ods,comunidade,comunidade_nome,status,degree,betweenness,degree_centrality,eigenvector
SDG15_2_FLOR,Hectare de áreas florestadas e naturais por habitante,15,0,Desenvolvimento Institucional e Ambiental,componente_principal,15,0.099579,0.283019,0.242748
SDG4_1_P_EF_INT,"Acesso à internet nas escolas do ensino fundamental e médio, na rede pública (%)",4,1,Vulnerabilidade Social e Violência,componente_principal,6,0.077323,0.113208,0.082535
SDG3_1_C_VCN,Cobertura vacinal (%),3,1,Vulnerabilidade Social e Violência,componente_principal,12,0.076956,0.226415,0.196402
SDG3_6_ID_MD_M,Idade média ao morrer,3,1,Vulnerabilidade Social e Violência,componente_principal,16,0.07167,0.301887,0.231985
SDG3_3_P_NV_7PN,Pré-natal insuficiente (%),3,1,Vulnerabilidade Social e Violência,componente_principal,4,0.05225,0.075472,0.02698
SDG4_13_P_E_ACS,Escolas com dependências adequadas a pessoas com deficiência (%),4,3,Infraestrutura Escolar,componente_principal,2,0.05225,0.037736,0.007001
SDG1_1_P_F_CU,Famílias inscritas no Cadastro Único para programas sociais (%),1,1,Vulnerabilidade Social e Violência,componente_principal,10,0.049802,0.188679,0.065269
SDG17_3_P_RC_TRB,Total de receitas municipais arrecadadas (%),17,0,Desenvolvimento Institucional e Ambiental,componente_principal,19,0.046086,0.358491,0.321473
SDG3_27_DSP_SAU,"Orçamento municipal para a saúde (em reais, per capita)",3,0,Desenvolvimento Institucional e Ambiental,componente_principal,14,0.041031,0.264151,0.267658
SDG4_7_FR_E_4A17_AJ,Crianças e jovens de 4 a 17 anos na escola (%),4,0,Desenvolvimento Institucional e Ambiental,componente_principal,17,0.037253,0.320755,0.304199
SDG3_8_GRV,Gravidez na adolescência (%),3,1,Vulnerabilidade Social e Violência,componente_principal,8,0.033334,0.150943,0.066346
SDG2_3_DSNT_INF,Desnutrição infantil (%),2,1,Vulnerabilidade Social e Violência,componente_principal,2,0.026851,0.037736,0.002289
SDG4_26_R_M_D_PE,Razão entre o número de matrículas e professores na pré-escola (taxa),4,3,Infraestrutura Escolar,componente_principal,2,0.026851,0.037736,0.000594
SDG3_19_T_M_AIDS,Mortalidade por Aids (100 mil habitantes),3,0,Desenvolvimento Institucional e Ambiental,componente_principal,13,0.026612,0.245283,0.235397
SDG13_2_CO2,Emissões de CO²e per capita,13,0,Desenvolvimento Institucional e Ambiental,componente_principal,17,0.025558,0.320755,0.297421
SDG6_6_SERV_AG,População total atendida com abastecimento de água (%),6,0,Desenvolvimento Institucional e Ambiental,componente_principal,16,0.020725,0.301887,0.301095
SDG17_1_INVST_PB,Investimento público (R$ per capita),17,0,Desenvolvimento Institucional e Ambiental,componente_principal,11,0.01611,0.207547,0.22056
SDG3_2_INC_DNG,Incidência de dengue (100 mil habitantes),3,2,Doenças Infecciosas e Resíduos,componente_principal,3,0.013062,0.056604,0.022675
SDG3_3_HPT,Detecção de hepatite (100 mil habitantes),3,2,Doenças Infecciosas e Resíduos,componente_principal,3,0.013062,0.056604,0.022675
SDG3_9_INC_TRB,Incidência de tuberculose (100 mil habitantes),3,0,Desenvolvimento Institucional e Ambiental,componente_principal,11,0.012847,0.207547,0.218487
SDG4_3_TDI_EF_RP,Taxa de distorção idade-série no Ensino Fundamental - rede pública,4,1,Vulnerabilidade Social e Violência,componente_principal,6,0.012641,0.113208,0.056387
SDG9_2_EMP_INT,Participação dos empregos formais em atividades intensivas em conhecimento e tecnologia (%),9,0,Desenvolvimento Institucional e Ambiental,componente_principal,13,0.007672,0.245283,0.241552
SDG8_9_T_OCUP_FORM,Ocupação formal das pessoas com 16 anos ou mais de idade (taxa),8,0,Desenvolvimento Institucional e Ambiental,componente_principal,9,0.002949,0.169811,0.176204
SDG3_32_UBS,Unidades Básicas de Saúde (mil habitantes),3,0,Desenvolvimento Institucional e Ambiental,componente_principal,10,0.002605,0.188679,0.209591
SDG16_3_M_ARM_FG,Mortes por armas de fogo (100 mil habitantes),16,1,Vulnerabilidade Social e Violência,componente_principal,6,0.001745,0.113208,0.059221
SDG16_1_OB_HM,Homicídio juvenil masculino (100 mil habitantes),16,1,Vulnerabilidade Social e Violência,componente_principal,6,0.001464,0.113208,0.060534
SDG16_4_TX_HMC,Taxa de homicídio (100 mil habitantes),16,1,Vulnerabilidade Social e Violência,componente_principal,6,0.001464,0.113208,0.060534
SDG3_16_M_MAT,Mortalidade materna (mil nascidos vivos),3,0,Desenvolvimento Institucional e Ambiental,componente_principal,7,0.000601,0.132075,0.161556
SDG3_17_T_M_5A,"Mortalidade na infância (número de óbitos infantis com 0 a 4 anos de idade, por mil nascidos vivos)",3,-1,Lacuna/Periférico,periferico,3,0.000363,0.056604,0.0
SDG3_15_T_M_INF,Mortalidade infantil (crianças menores de 1 ano) (mil nascidas vivas),3,-1,Lacuna/Periférico,periferico,3,0.000363,0.056604,0.0
SDG10_35_VLC_LGBT,Violência contra a população LGBTQIA+ (100 mil habitantes),10,0,Desenvolvimento Institucional e Ambiental,componente_principal,6,0.000156,0.113208,0.136669
SDG10_20_MINF,Diferença na taxa de mortalidade infantil entre crianças nascidas de mães PP e BA,10,-1,Lacuna/Periférico,periferico,2,0.0,0.037736,0.0
SDG10_21_GRV,Diferença na taxa de gravidez na adolescência entre mães PP e BA,10,-1,Lacuna/Periférico,isolado,0,0.0,0.0,0.0
SDG12_2_RSD_SLD,Resíduos sólidos domiciliares coletados per capita (kg/ dia/ hab) ,12,2,Doenças Infecciosas e Resíduos,componente_principal,2,0.0,0.037736,0.003819
SDG13_6_TRNS_SL,Percentual do município desflorestado (%),13,-1,Lacuna/Periférico,isolado,0,0.0,0.0,0.0
SDG10_22_ADER,Diferença na taxa de distorção idade-série nos anos iniciais do Ensino Fundamental entre PP e B,10,-1,Lacuna/Periférico,isolado,0,0.0,0.0,0.0
SDG10_3_RZHOM,Diferença na taxa de homicídios entre PP e BA,10,-1,Lacuna/Periférico,isolado,0,0.0,0.0,0.0
SDG11_33_M_TRNS,Mortes no trânsito (100 mil habitantes),11,-1,Lacuna/Periférico,isolado,0,0.0,0.0,0.0
SDG3_13_SCD,Mortalidade por suicídio (100 mil habitantes),3,1,Vulnerabilidade Social e Violência,componente_principal,1,0.0,0.018868,0.005497
SDG2_2_P_NV_BPN,Baixo peso ao nascer (%),2,-1,Lacuna/Periférico,isolado,0,0.0,0.0,0.0
SDG2_1_OBS_INF,Obesidade infantil (%),2,1,Vulnerabilidade Social e Violência,componente_principal,1,0.0,0.018868,0.000193
SDG3_29_SF,População atendida por equipes de saúde da família (%),3,0,Desenvolvimento Institucional e Ambiental,componente_principal,5,0.0,0.09434,0.115737
SDG4_14B_P_E_AEE,Escolas com recursos para Atendimento Educacional Especializado (taxa),4,0,Desenvolvimento Institucional e Ambiental,componente_principal,3,0.0,0.056604,0.074665
SDG3_18_T_M_NT,Mortalidade neonatal (crianças de 0 a 27 dias) (mil nascidas vivas),3,-1,Lacuna/Periférico,periferico,2,0.0,0.037736,0.0
SDG3_22_T_M_DC,Mortalidade prematura por doenças crônicas não-transmissíveis (100 mil habitantes de 30 a 69 anos),3,0,Desenvolvimento Institucional e Ambiental,componente_principal,3,0.0,0.056604,0.060903
SDG4_18_D_SUP_EI,Professores com formação em nível superior - Educação Infantil - rede pública (%),4,-1,Lacuna/Periférico,periferico,1,0.0,0.018868,0.0
SDG4_4_PCT_CRECHE,Percentual de crianças de 0 a 3 anos matrículadas em creches,4,1,Vulnerabilidade Social e Violência,componente_principal,2,0.0,0.037736,0.011085
SDG4_27_R_M_D_EF,Razão entre o número de matrículas e professores no ensino fundamental (taxa),4,3,Infraestrutura Escolar,componente_principal,1,0.0,0.018868,5e-05
SDG4_19_D_SUP_EF,Professores com formação em nível superior - Ensino Fundamental - rede pública (%),4,-1,Lacuna/Periférico,periferico,1,0.0,0.018868,0.0
SDG5_6_RND_GEN,Desigualdade de salário por sexo (salário de mulheres / salário de homens),5,0,Desenvolvimento Institucional e Ambiental,componente_principal,5,0.0,0.09434,0.113234
SDG6_4_PRD_AG,Perda de água tratada na distribuição,6,-1,Lacuna/Periférico,isolado,0,0.0,0.0,0.0
SDG6_1_IN_DRSAI,Doenças relacionadas ao saneamento ambiental inadequado (100 mil habitantes),6,0,Desenvolvimento Institucional e Ambiental,componente_principal,3,0.0,0.056604,0.071948
SDG5_8_TX_FMNC,Taxa de feminicídio (100 mil mulheres),5,-1,Lacuna/Periférico,isolado,0,0.0,0.0,0.0
SDG9_1_INFRA,Investimento público em infraestrutura urbana por habitante (R$ per capita),9,-1,Lacuna/Periférico,isolado,0,0.0,0.0,0.0
